{
  "id": "0x405f2e117da8411faf34c9008adbba3069c751a725cd7a1b084dce93d853cca3",
  "choices": [
    "Yes, let's do it",
    "No, this is not the way",
    "Abstain"
  ],
  "scores": [
    10760572.081733348,
    0,
    0
  ],
  "scores_total": 10760572.081733348,
  "state": "closed",
  "start": 1709233200,
  "end": 1709521200
}