{
  "id": "0x50da723fe599b359511d15e1417b1ae6907cee8657defcd08543b4c63bf58bb4",
  "choices": [
    "Yes, let's do it",
    "No, this is not the way",
    "Abstain"
  ],
  "scores": [
    10016570.30094974,
    0,
    0
  ],
  "scores_total": 10016570.300949741,
  "state": "closed",
  "start": 1708023600,
  "end": 1708311600
}