{
  "id": "0xde1cdf60514ca0260610e2c1cf8634fc6a857a2e919e2d3cbeb33393a109aaa4",
  "choices": [
    "Yes, let's do it",
    "No, this is not the way",
    "Abstain"
  ],
  "scores": [
    10392242.668240769,
    0,
    0
  ],
  "scores_total": 10392242.668240767,
  "state": "closed",
  "start": 1708628400,
  "end": 1708916400
}