{
  "id": "0xf780717f3c4c39f05f7896e489c521b0beb27db7aad8c7b4760ab614a2db3afb",
  "choices": [
    "Yes, let's do it",
    "No, this is not the way",
    "Abstain"
  ],
  "scores": [
    10350745.402255516,
    0,
    0
  ],
  "scores_total": 10350745.402255516,
  "state": "closed",
  "start": 1708628400,
  "end": 1708916400
}