{
  "id": "0xa2b9d0717a82a111acc27e514bed07caa9b8636c12dd68fb61ae4dc57503c3cd",
  "choices": [
    "YAE",
    "NAY",
    "Abstain"
  ],
  "scores": [
    888349.8840217041,
    0.09615768208900824,
    0
  ],
  "scores_total": 888349.9801793862,
  "state": "closed",
  "start": 1757151443,
  "end": 1757410643
}